{
  "project_info": {
    "project_number": "174272112388",
    "firebase_url": "https://espacio-jumex-5a7eb.firebaseio.com",
    "project_id": "espacio-jumex-5a7eb",
    "storage_bucket": "espacio-jumex-5a7eb.appspot.com"
  },
  "client": [
    {
      "client_info": {
        "mobilesdk_app_id": "1:174272112388:android:379b73bae58ac231",
        "android_client_info": {
          "package_name": "com.Jumex.EspacioJumex"
        }
      },
      "oauth_client": [
        {
          "client_id": "174272112388-ugd8okajc6m0b361cbd4s7nr096opqoc.apps.googleusercontent.com",
          "client_type": 1,
          "android_info": {
            "package_name": "com.Jumex.EspacioJumex",
            "certificate_hash": "934768db51b5dcd55ef6c785d61f47aa6ba75bd8"
          }
        },
        {
          "client_id": "174272112388-d2m4ed4dn3c1v8ae03ejha2pj6fs42cp.apps.googleusercontent.com",
          "client_type": 3
        }
      ],
      "api_key": [
        {
          "current_key": "AIzaSyAbh3ONw0Iiofdt0M4HiVdEtuiqIA2SZIY"
        }
      ],
      "services": {
        "appinvite_service": {
          "other_platform_oauth_client": [
            {
              "client_id": "174272112388-d2m4ed4dn3c1v8ae03ejha2pj6fs42cp.apps.googleusercontent.com",
              "client_type": 3
            },
            {
              "client_id": "174272112388-ikth2thf917taerr6cghs95nb2n0vpm0.apps.googleusercontent.com",
              "client_type": 2,
              "ios_info": {
                "bundle_id": "com.Jumex.EspacioJumexApp"
              }
            }
          ]
        }
      }
    }
  ],
  "configuration_version": "1"
}